lon,lat,ele,time
19.045251,49.767436,671.7,2015-07-30T12:59:38Z
19.045281,49.767408,671.0,2015-07-30T12:59:43Z
19.045311,49.767386,670.5,2015-07-30T12:59:46Z
19.045338,49.767357,669.9,2015-07-30T12:59:49Z
19.04536,49.76733,669.3,2015-07-30T12:59:52Z
19.045388,49.767305,668.7,2015-07-30T12:59:56Z
19.045428,49.767281,668.3,2015-07-30T13:00:00Z
19.045453,49.767247,667.5,2015-07-30T13:00:03Z
19.045491,49.767221,667.1,2015-07-30T13:00:06Z
19.045529,49.767199,666.8,2015-07-30T13:00:09Z
19.04557,49.767187,666.8,2015-07-30T13:00:12Z
19.045615,49.767196,667.3,2015-07-30T13:00:16Z
19.045655,49.767186,667.3,2015-07-30T13:00:21Z
19.045701,49.767163,667.1,2015-07-30T13:00:24Z
19.045746,49.767147,667.1,2015-07-30T13:00:27Z
19.045795,49.767139,667.3,2015-07-30T13:00:30Z
19.045838,49.767124,667.3,2015-07-30T13:00:34Z
19.04588,49.767109,667.4,2015-07-30T13:00:38Z
19.045917,49.767122,667.9,2015-07-30T13:00:41Z
19.045967,49.767124,668.3,2015-07-30T13:00:44Z
19.045996,49.767104,668.2,2015-07-30T13:00:46Z
19.045994,49.767073,667.6,2015-07-30T13:00:49Z
19.045992,49.767045,666.7,2015-07-30T13:00:53Z
19.046031,49.767022,666.4,2015-07-30T13:00:56Z
19.046078,49.767009,666.5,2015-07-30T13:00:59Z
19.046131,49.767003,666.8,2015-07-30T13:01:02Z
19.046174,49.766987,666.8,2015-07-30T13:01:06Z
19.046181,49.766957,666.0,2015-07-30T13:01:10Z
19.046137,49.766955,665.6,2015-07-30T13:01:14Z
19.046113,49.766977,665.9,2015-07-30T13:01:19Z
19.046065,49.766976,665.5,2015-07-30T13:01:22Z
19.046023,49.766972,665.0,2015-07-30T13:01:24Z
19.04599,49.766945,663.9,2015-07-30T13:01:27Z
19.045953,49.766924,663.0,2015-07-30T13:01:31Z
19.045967,49.766893,662.2,2015-07-30T13:01:35Z
19.04601,49.766877,662.2,2015-07-30T13:01:38Z
19.046052,49.766868,662.3,2015-07-30T13:01:40Z
19.046102,49.766872,663.0,2015-07-30T13:01:42Z
19.046146,49.766875,663.5,2015-07-30T13:01:44Z
19.046194,49.766864,663.7,2015-07-30T13:01:47Z
19.046219,49.766837,663.2,2015-07-30T13:01:50Z
19.046242,49.766809,662.7,2015-07-30T13:01:54Z
19.046286,49.766778,661.9,2015-07-30T13:01:57Z
19.046321,49.766759,661.3,2015-07-30T13:01:59Z
19.046361,49.766748,660.9,2015-07-30T13:02:01Z
19.046424,49.766747,660.8,2015-07-30T13:02:04Z
19.046462,49.766763,661.2,2015-07-30T13:02:06Z
19.046511,49.766768,661.2,2015-07-30T13:02:09Z
19.046549,49.766783,661.6,2015-07-30T13:02:11Z
19.04659,49.766765,661.0,2015-07-30T13:02:14Z
19.046608,49.76674,660.2,2015-07-30T13:02:16Z
19.046628,49.766703,659.1,2015-07-30T13:02:19Z
19.046669,49.766717,659.4,2015-07-30T13:02:23Z
19.046709,49.766738,660.0,2015-07-30T13:02:25Z
19.046749,49.76676,660.5,2015-07-30T13:02:27Z
19.046794,49.766784,661.2,2015-07-30T13:02:30Z
19.046844,49.766776,660.8,2015-07-30T13:02:33Z
19.046858,49.766746,659.9,2015-07-30T13:02:36Z
19.046849,49.766714,659.0,2015-07-30T13:02:39Z
19.04682,49.766688,658.3,2015-07-30T13:02:43Z
19.046783,49.766663,657.6,2015-07-30T13:02:47Z
19.046731,49.766642,657.1,2015-07-30T13:02:50Z
19.046695,49.766628,656.8,2015-07-30T13:02:52Z
19.04667,49.766605,656.2,2015-07-30T13:02:54Z
19.046656,49.766569,655.2,2015-07-30T13:02:57Z
19.046693,49.766554,654.7,2015-07-30T13:03:00Z
19.046737,49.766555,654.6,2015-07-30T13:03:05Z
19.046774,49.766572,655.0,2015-07-30T13:03:08Z
19.046806,49.766591,655.4,2015-07-30T13:03:10Z
19.046857,49.766593,655.3,2015-07-30T13:03:13Z
19.046906,49.766591,655.1,2015-07-30T13:03:17Z
19.046945,49.766601,655.3,2015-07-30T13:03:20Z
19.04698,49.766622,655.9,2015-07-30T13:03:23Z
19.047028,49.76661,655.4,2015-07-30T13:03:26Z
19.04707,49.766615,655.4,2015-07-30T13:03:29Z
19.04712,49.766625,655.3,2015-07-30T13:03:35Z
19.047161,49.766653,655.7,2015-07-30T13:03:38Z
19.047208,49.766665,655.5,2015-07-30T13:03:40Z
19.04726,49.766678,655.3,2015-07-30T13:03:43Z
19.04729,49.766704,655.8,2015-07-30T13:03:47Z
19.047328,49.766721,655.9,2015-07-30T13:03:51Z
19.047374,49.766727,655.5,2015-07-30T13:03:56Z
19.047423,49.766719,654.7,2015-07-30T13:04:02Z
19.047449,49.766691,653.6,2015-07-30T13:04:05Z
19.047445,49.766661,652.7,2015-07-30T13:04:08Z
19.047444,49.766627,651.7,2015-07-30T13:04:10Z
19.047439,49.766594,650.7,2015-07-30T13:04:12Z
19.047429,49.766565,649.9,2015-07-30T13:04:14Z
19.047397,49.766539,649.5,2015-07-30T13:04:17Z
19.047377,49.766511,648.9,2015-07-30T13:04:22Z
19.047335,49.766507,649.2,2015-07-30T13:04:28Z
19.04728,49.766499,649.6,2015-07-30T13:04:34Z
19.047231,49.766496,650.0,2015-07-30T13:04:37Z
19.047189,49.766482,650.1,2015-07-30T13:04:40Z
19.047139,49.766473,650.3,2015-07-30T13:04:43Z
19.047095,49.76648,651.0,2015-07-30T13:04:46Z
19.047058,49.766496,651.8,2015-07-30T13:04:52Z
19.047037,49.766472,651.1,2015-07-30T13:05:49Z
19.04698,49.766472,651.3,2015-07-30T13:05:54Z
19.046925,49.766468,651.4,2015-07-30T13:05:57Z
19.04687,49.766462,651.4,2015-07-30T13:06:00Z
19.046822,49.766447,651.1,2015-07-30T13:06:04Z
19.046765,49.766435,651.0,2015-07-30T13:06:07Z
19.046713,49.766415,650.6,2015-07-30T13:06:09Z
19.046672,49.766402,650.4,2015-07-30T13:06:11Z
19.046633,49.766382,649.9,2015-07-30T13:06:13Z
19.046589,49.766362,649.5,2015-07-30T13:06:15Z
19.04653,49.766351,649.5,2015-07-30T13:06:18Z
19.046489,49.766331,649.1,2015-07-30T13:06:20Z
19.046446,49.766319,649.0,2015-07-30T13:06:22Z
19.046401,49.766311,648.9,2015-07-30T13:06:24Z
19.046365,49.766296,648.7,2015-07-30T13:06:26Z
19.046336,49.766262,647.9,2015-07-30T13:06:33Z
19.046294,49.766242,647.5,2015-07-30T13:06:36Z
19.046327,49.766219,646.4,2015-07-30T13:06:41Z
19.046365,49.766203,645.6,2015-07-30T13:06:44Z
19.046389,49.766179,644.6,2015-07-30T13:06:50Z
19.046423,49.766162,643.8,2015-07-30T13:07:04Z
19.046471,49.766159,643.4,2015-07-30T13:07:06Z
19.046522,49.766164,643.4,2015-07-30T13:07:08Z
19.046575,49.766178,643.6,2015-07-30T13:07:10Z
19.046617,49.766187,643.8,2015-07-30T13:07:13Z
19.046655,49.766204,644.3,2015-07-30T13:07:18Z
19.046708,49.76622,644.6,2015-07-30T13:07:22Z
19.046756,49.766228,644.7,2015-07-30T13:07:25Z
19.046787,49.766203,643.6,2015-07-30T13:07:28Z
19.046824,49.766189,642.9,2015-07-30T13:07:31Z
19.046869,49.766172,642.0,2015-07-30T13:07:35Z
19.046907,49.766155,641.1,2015-07-30T13:07:38Z
19.046959,49.766151,640.7,2015-07-30T13:07:41Z
19.047,49.766135,639.9,2015-07-30T13:07:44Z
19.047052,49.766123,639.1,2015-07-30T13:07:47Z
19.047112,49.766127,638.9,2015-07-30T13:07:50Z
19.047153,49.766145,639.2,2015-07-30T13:07:52Z
19.047188,49.766162,639.5,2015-07-30T13:07:54Z
19.047237,49.766167,639.2,2015-07-30T13:07:57Z
19.047282,49.766181,639.2,2015-07-30T13:08:01Z
19.047324,49.766191,639.2,2015-07-30T13:08:05Z
19.047347,49.766161,637.8,2015-07-30T13:08:10Z
19.04739,49.766158,637.3,2015-07-30T13:08:12Z
19.047446,49.766168,637.1,2015-07-30T13:08:15Z
19.047473,49.766195,637.8,2015-07-30T13:08:18Z
19.047493,49.766225,638.7,2015-07-30T13:08:21Z
19.04753,49.766246,639.0,2015-07-30T13:08:24Z
19.047577,49.766231,638.0,2015-07-30T13:08:27Z
19.047622,49.766206,636.6,2015-07-30T13:08:30Z
19.047682,49.766199,635.8,2015-07-30T13:08:33Z
19.04774,49.766199,635.2,2015-07-30T13:08:36Z
19.047782,49.766227,635.7,2015-07-30T13:08:39Z
19.047823,49.766253,636.1,2015-07-30T13:08:42Z
19.047869,49.766268,636.1,2015-07-30T13:08:45Z
19.047917,49.766279,635.9,2015-07-30T13:08:48Z
19.047969,49.766285,635.6,2015-07-30T13:08:51Z
19.048021,49.766293,635.5,2015-07-30T13:08:54Z
19.048054,49.766311,635.7,2015-07-30T13:08:58Z
19.048095,49.766304,635.2,2015-07-30T13:09:44Z
19.048096,49.766274,634.4,2015-07-30T13:09:50Z
19.048098,49.766244,633.5,2015-07-30T13:09:55Z
19.048053,49.766238,633.6,2015-07-30T13:10:00Z
19.048045,49.766191,632.2,2015-07-30T13:10:03Z
19.048032,49.766161,631.3,2015-07-30T13:10:05Z
19.048037,49.766129,630.2,2015-07-30T13:10:14Z
19.048036,49.766101,629.3,2015-07-30T13:10:21Z
19.047991,49.766082,629.0,2015-07-30T13:10:28Z
19.047941,49.766067,628.9,2015-07-30T13:10:31Z
19.047895,49.766049,628.7,2015-07-30T13:10:34Z
19.047854,49.766036,628.6,2015-07-30T13:10:37Z
19.047813,49.766013,628.2,2015-07-30T13:10:40Z
19.047781,49.765987,627.6,2015-07-30T13:10:43Z
19.047768,49.765961,626.9,2015-07-30T13:10:45Z
19.047725,49.765954,627.0,2015-07-30T13:10:50Z
19.047757,49.765926,625.8,2015-07-30T13:11:38Z
19.047804,49.765928,625.5,2015-07-30T13:11:40Z
19.047855,49.765941,625.5,2015-07-30T13:11:42Z
19.047903,49.765954,625.5,2015-07-30T13:11:44Z
19.047946,49.765961,625.4,2015-07-30T13:11:46Z
19.047991,49.765962,625.1,2015-07-30T13:11:49Z
19.048022,49.765983,625.6,2015-07-30T13:11:52Z
19.048042,49.766007,626.2,2015-07-30T13:11:54Z
19.04807,49.766034,626.8,2015-07-30T13:11:56Z
19.048111,49.766066,627.6,2015-07-30T13:11:58Z
19.048144,49.76609,628.1,2015-07-30T13:12:00Z
19.048141,49.766126,629.3,2015-07-30T13:12:10Z
19.048225,49.766139,629.1,2015-07-30T13:12:43Z
19.048287,49.766148,629.0,2015-07-30T13:12:45Z
19.048323,49.766134,628.2,2015-07-30T13:12:47Z
19.048372,49.766122,627.5,2015-07-30T13:12:50Z
19.048424,49.766134,627.5,2015-07-30T13:12:53Z
19.048457,49.766151,627.8,2015-07-30T13:12:57Z
19.048555,49.766134,626.5,2015-07-30T13:13:18Z
19.048606,49.766135,626.2,2015-07-30T13:13:20Z
19.048648,49.766146,626.3,2015-07-30T13:13:22Z
19.048691,49.766157,626.3,2015-07-30T13:13:24Z
19.048736,49.766175,626.6,2015-07-30T13:13:26Z
19.048782,49.766185,626.5,2015-07-30T13:13:28Z
19.048828,49.766192,626.3,2015-07-30T13:13:30Z
19.048876,49.766196,626.0,2015-07-30T13:13:32Z
19.048918,49.766172,624.8,2015-07-30T13:13:35Z
19.048961,49.766161,624.0,2015-07-30T13:13:37Z
19.049011,49.766167,623.8,2015-07-30T13:13:39Z
19.049074,49.766176,623.5,2015-07-30T13:13:41Z
19.049139,49.76618,623.0,2015-07-30T13:13:43Z
19.049188,49.766176,622.4,2015-07-30T13:13:46Z
19.049217,49.766153,621.4,2015-07-30T13:13:51Z
19.049268,49.766155,621.0,2015-07-30T13:14:17Z
19.049311,49.766163,620.8,2015-07-30T13:14:20Z
19.049363,49.76618,620.9,2015-07-30T13:14:23Z
19.049405,49.766177,620.4,2015-07-30T13:14:29Z
19.049415,49.766142,619.2,2015-07-30T13:14:54Z
19.049403,49.766114,618.4,2015-07-30T13:14:56Z
19.049389,49.766077,617.4,2015-07-30T13:14:59Z
19.049379,49.766038,616.2,2015-07-30T13:15:02Z
19.049365,49.766006,615.3,2015-07-30T13:15:04Z
19.049344,49.765982,614.8,2015-07-30T13:15:06Z
19.049395,49.76597,613.9,2015-07-30T13:15:16Z
19.049448,49.765994,614.2,2015-07-30T13:15:18Z
19.049482,49.766019,614.7,2015-07-30T13:15:19Z
19.049515,49.766048,615.3,2015-07-30T13:15:20Z
19.049565,49.766088,616.1,2015-07-30T13:15:21Z
19.049594,49.766114,616.6,2015-07-30T13:15:22Z
19.049623,49.766156,617.7,2015-07-30T13:15:24Z
19.049627,49.766191,618.7,2015-07-30T13:15:26Z
19.049618,49.766221,619.7,2015-07-30T13:15:28Z
19.049612,49.766248,620.6,2015-07-30T13:15:32Z
19.049642,49.766272,620.5,2015-07-30T13:15:35Z
19.049696,49.766269,619.9,2015-07-30T13:15:39Z
19.049741,49.766267,619.4,2015-07-30T13:15:41Z
19.049798,49.766267,618.8,2015-07-30T13:15:44Z
19.049846,49.766274,618.3,2015-07-30T13:15:47Z
19.049891,49.766268,617.8,2015-07-30T13:15:50Z
19.049934,49.766238,616.9,2015-07-30T13:15:52Z
19.049989,49.766153,612.7,2015-07-30T13:15:58Z
19.049934,49.766024,613.9,2015-07-30T13:16:00Z
19.050033,49.765993,608.2,2015-07-30T13:18:25Z
19.05009,49.765991,608.2,2015-07-30T13:18:29Z
19.05012,49.766015,608.4,2015-07-30T13:18:31Z
19.05017,49.76602,608.3,2015-07-30T13:18:34Z
19.050216,49.76604,608.4,2015-07-30T13:18:37Z
19.05027,49.766053,608.2,2015-07-30T13:18:40Z
19.05032,49.766057,607.8,2015-07-30T13:18:43Z
19.050362,49.766076,607.9,2015-07-30T13:18:47Z
19.050404,49.766098,608.1,2015-07-30T13:18:52Z
19.050442,49.766118,608.2,2015-07-30T13:18:56Z
19.050457,49.766144,608.7,2015-07-30T13:19:01Z
19.050468,49.766171,609.3,2015-07-30T13:19:04Z
19.05048,49.766208,610.1,2015-07-30T13:19:07Z
19.050494,49.766236,610.7,2015-07-30T13:19:10Z
19.050514,49.766262,610.8,2015-07-30T13:19:13Z
19.05054,49.766287,610.6,2015-07-30T13:19:17Z
19.050693,49.766432,609.1,2015-07-30T14:48:19Z
19.050747,49.766457,608.6,2015-07-30T14:48:29Z
19.050837,49.766465,607.7,2015-07-30T14:48:31Z
19.050894,49.766506,607.3,2015-07-30T14:48:34Z
19.050938,49.76653,607.0,2015-07-30T14:48:36Z
19.050968,49.766557,606.8,2015-07-30T14:48:38Z
19.051018,49.766578,606.5,2015-07-30T14:48:41Z
19.051063,49.76659,606.1,2015-07-30T14:48:44Z
19.05111,49.766597,605.8,2015-07-30T14:48:49Z
19.051159,49.766602,605.3,2015-07-30T14:48:54Z
19.051212,49.766606,604.9,2015-07-30T14:48:57Z
19.051257,49.766611,604.6,2015-07-30T14:48:59Z
19.05132,49.766618,604.7,2015-07-30T14:49:02Z
19.051381,49.766609,604.7,2015-07-30T14:49:05Z
19.051423,49.766602,604.7,2015-07-30T14:49:07Z
19.051475,49.766603,604.8,2015-07-30T14:49:10Z
19.051518,49.766603,604.8,2015-07-30T14:49:13Z
19.051566,49.766606,604.9,2015-07-30T14:49:17Z
19.051619,49.76661,605.0,2015-07-30T14:49:21Z
19.051669,49.766606,605.0,2015-07-30T14:49:25Z
19.051728,49.766597,605.0,2015-07-30T14:49:44Z
19.051776,49.766602,605.1,2015-07-30T14:49:46Z
19.051834,49.766611,605.2,2015-07-30T14:49:49Z
19.051889,49.766617,605.3,2015-07-30T14:49:52Z
19.051936,49.766609,605.3,2015-07-30T14:49:55Z
19.051987,49.766606,605.3,2015-07-30T14:49:58Z
19.052041,49.766608,605.4,2015-07-30T14:50:01Z
19.052097,49.76661,605.5,2015-07-30T14:50:04Z
19.05214,49.766622,605.7,2015-07-30T14:50:08Z
19.052195,49.766621,605.8,2015-07-30T14:50:46Z
19.052238,49.766617,606.0,2015-07-30T14:50:48Z
19.052294,49.766619,606.2,2015-07-30T14:50:50Z
19.052341,49.766626,606.4,2015-07-30T14:50:52Z
19.052387,49.76665,606.6,2015-07-30T14:50:55Z
19.05243,49.766654,606.7,2015-07-30T14:50:58Z
19.052487,49.766661,606.9,2015-07-30T14:51:02Z
19.052546,49.766654,607.2,2015-07-30T14:51:05Z
19.052596,49.766645,607.3,2015-07-30T14:51:07Z
19.052648,49.766639,607.5,2015-07-30T14:51:09Z
19.0527,49.766635,607.7,2015-07-30T14:51:11Z
19.052747,49.766634,607.8,2015-07-30T14:51:13Z
19.052789,49.766628,608.0,2015-07-30T14:51:23Z
19.052836,49.766635,608.2,2015-07-30T14:51:42Z
19.052888,49.76665,608.4,2015-07-30T14:51:44Z
19.052947,49.766652,608.4,2015-07-30T14:51:46Z
19.053008,49.766654,608.3,2015-07-30T14:51:48Z
19.053064,49.766653,608.2,2015-07-30T14:51:50Z
19.053115,49.766658,608.1,2015-07-30T14:51:52Z
19.053164,49.766663,608.0,2015-07-30T14:51:55Z
19.053201,49.766676,608.0,2015-07-30T14:51:59Z
19.053245,49.766682,607.9,2015-07-30T14:52:02Z
19.053289,49.766686,607.9,2015-07-30T14:52:04Z
19.053352,49.766688,607.8,2015-07-30T14:52:07Z
19.053396,49.766695,607.7,2015-07-30T14:52:09Z
19.053453,49.766709,607.6,2015-07-30T14:52:12Z
19.053511,49.766721,607.5,2015-07-30T14:52:15Z
19.053548,49.766733,607.5,2015-07-30T14:52:17Z
19.053592,49.766721,607.4,2015-07-30T14:52:45Z
19.053648,49.766713,607.3,2015-07-30T14:52:48Z
19.053694,49.766715,607.2,2015-07-30T14:52:50Z
19.053741,49.76673,607.2,2015-07-30T14:52:53Z
19.053936,49.766721,606.6,2015-07-30T14:54:42Z
19.053994,49.766724,606.5,2015-07-30T14:54:44Z
19.054049,49.766719,606.3,2015-07-30T14:54:46Z
19.054098,49.766706,606.1,2015-07-30T14:54:48Z
19.054148,49.766704,606.0,2015-07-30T14:54:50Z
19.054198,49.766707,605.8,2015-07-30T14:54:52Z
19.054258,49.766706,605.7,2015-07-30T14:54:55Z
19.0543,49.766689,605.5,2015-07-30T14:54:59Z
19.054393,49.766699,605.2,2015-07-30T14:55:26Z
19.054459,49.766711,605.1,2015-07-30T14:55:28Z
19.054502,49.766724,605.1,2015-07-30T14:55:31Z
19.054546,49.76674,605.0,2015-07-30T14:55:34Z
19.05461,49.766757,605.0,2015-07-30T14:55:37Z
19.054653,49.766762,604.8,2015-07-30T14:55:39Z
19.054697,49.766756,604.7,2015-07-30T14:55:41Z
19.054735,49.766744,604.4,2015-07-30T14:55:43Z
19.054781,49.766725,604.1,2015-07-30T14:55:46Z
19.054833,49.76672,603.9,2015-07-30T14:55:49Z
19.054882,49.766716,603.7,2015-07-30T14:55:53Z
19.054929,49.766713,603.5,2015-07-30T14:55:56Z
19.054972,49.766694,603.1,2015-07-30T14:56:00Z
19.054986,49.766667,602.8,2015-07-30T14:56:08Z
19.055032,49.766658,602.5,2015-07-30T14:56:35Z
19.055087,49.766657,602.3,2015-07-30T14:56:38Z
19.055145,49.766666,602.1,2015-07-30T14:56:41Z
19.055197,49.766678,602.1,2015-07-30T14:56:43Z
19.055259,49.766687,601.9,2015-07-30T14:56:45Z
19.055308,49.766687,601.7,2015-07-30T14:56:47Z
19.055354,49.766685,601.5,2015-07-30T14:56:50Z
19.055547,49.766646,599.9,2015-07-30T14:58:19Z
19.055609,49.766625,599.2,2015-07-30T14:58:21Z
19.055667,49.766615,598.7,2015-07-30T14:58:23Z
19.055714,49.766612,598.4,2015-07-30T14:58:25Z
19.055771,49.766604,597.9,2015-07-30T14:58:28Z
19.055824,49.766597,597.5,2015-07-30T14:58:31Z
19.05588,49.766599,597.2,2015-07-30T14:58:34Z
19.055923,49.766594,596.9,2015-07-30T14:58:37Z
19.055971,49.766596,596.6,2015-07-30T14:58:40Z
19.056007,49.766579,596.2,2015-07-30T14:58:43Z
19.056037,49.766558,595.8,2015-07-30T14:58:47Z
19.056077,49.766537,595.4,2015-07-30T14:58:49Z
19.056108,49.766516,595.0,2015-07-30T14:58:51Z
19.05613,49.766488,594.6,2015-07-30T14:58:54Z
19.056165,49.766472,594.3,2015-07-30T14:58:59Z
19.056212,49.766462,594.0,2015-07-30T14:59:30Z
19.056251,49.766453,593.7,2015-07-30T14:59:39Z
19.05719,49.766449,586.8,2015-08-07T08:53:14Z
19.057301,49.766463,586.6,2015-08-07T08:53:15Z
19.05729,49.766542,587.6,2015-08-07T08:53:16Z
19.057298,49.766597,588.3,2015-08-07T08:53:17Z
19.057186,49.766651,589.1,2015-08-07T08:53:18Z
19.057275,49.766703,589.6,2015-08-07T08:53:20Z
19.057337,49.766731,589.9,2015-08-07T08:53:21Z
19.057422,49.766743,589.9,2015-08-07T08:53:22Z
19.05749,49.766767,590.1,2015-08-07T08:53:23Z
19.05756,49.766735,589.6,2015-08-07T08:53:24Z
19.057608,49.766738,589.6,2015-08-07T08:53:25Z
19.057659,49.766728,589.4,2015-08-07T08:53:26Z
19.057694,49.766743,589.6,2015-08-07T08:53:27Z
19.057762,49.766746,589.5,2015-08-07T08:53:28Z
19.057754,49.766806,590.5,2015-08-07T08:53:30Z
19.057438,49.766896,591.9,2015-08-07T08:53:32Z
19.057364,49.766909,592.1,2015-08-07T08:53:33Z
19.057299,49.766921,592.3,2015-08-07T08:53:34Z
19.057224,49.76694,592.5,2015-08-07T08:53:35Z
19.057259,49.766987,593.0,2015-08-07T08:53:36Z
19.057301,49.767018,593.5,2015-08-07T08:53:37Z
19.057387,49.767019,593.5,2015-08-07T08:53:38Z
19.057455,49.767015,593.5,2015-08-07T08:53:39Z
19.057526,49.767,593.4,2015-08-07T08:53:40Z
19.057602,49.76698,593.1,2015-08-07T08:53:41Z
19.057672,49.766958,592.8,2015-08-07T08:53:42Z
19.057759,49.766969,593.0,2015-08-07T08:53:43Z
19.057821,49.766986,593.3,2015-08-07T08:53:44Z
19.057897,49.766973,593.1,2015-08-07T08:53:45Z
19.057989,49.766985,592.6,2015-08-07T08:53:46Z
19.058075,49.767035,592.5,2015-08-07T08:53:47Z
19.058102,49.767084,593.0,2015-08-07T08:53:48Z
19.058087,49.767119,592.5,2015-08-07T08:53:49Z
19.057994,49.76718,592.4,2015-08-07T08:53:50Z
19.057986,49.767234,591.6,2015-08-07T08:53:51Z
19.05786,49.767286,591.2,2015-08-07T08:53:53Z
19.057753,49.767331,590.1,2015-08-07T08:53:54Z
19.057687,49.767346,589.2,2015-08-07T08:53:56Z
19.057652,49.767386,588.8,2015-08-07T08:53:58Z
19.057717,49.767396,588.8,2015-08-07T08:54:01Z
19.057784,49.767397,589.0,2015-08-07T08:54:02Z
19.057802,49.767372,589.5,2015-08-07T08:54:03Z
19.057858,49.767342,590.2,2015-08-07T08:54:05Z
19.05791,49.767307,591.0,2015-08-07T08:54:07Z
19.05799,49.767313,590.1,2015-08-07T08:54:09Z
19.058025,49.767335,589.3,2015-08-07T08:54:10Z
19.058039,49.76737,588.6,2015-08-07T08:54:11Z
19.05802,49.767413,588.0,2015-08-07T08:54:12Z
19.057979,49.767469,587.4,2015-08-07T08:54:13Z
19.057924,49.767513,587.2,2015-08-07T08:54:14Z
19.057869,49.767545,586.5,2015-08-07T08:54:15Z
19.057813,49.767574,585.8,2015-08-07T08:54:16Z
19.05777,49.767608,584.9,2015-08-07T08:54:17Z
19.057746,49.767651,584.0,2015-08-07T08:54:18Z
19.057732,49.767691,583.2,2015-08-07T08:54:19Z
19.057741,49.767724,582.6,2015-08-07T08:54:20Z
19.05777,49.767749,582.3,2015-08-07T08:54:21Z
19.057814,49.767737,582.7,2015-08-07T08:54:22Z
19.057849,49.767706,583.5,2015-08-07T08:54:23Z
19.057876,49.767674,584.2,2015-08-07T08:54:24Z
19.057902,49.767639,584.9,2015-08-07T08:54:25Z
19.057926,49.767604,585.5,2015-08-07T08:54:26Z
19.057949,49.76757,585.9,2015-08-07T08:54:27Z
19.057969,49.767538,586.3,2015-08-07T08:54:28Z
19.05799,49.767504,586.7,2015-08-07T08:54:29Z
19.058019,49.76748,586.8,2015-08-07T08:54:30Z
19.058106,49.767481,585.9,2015-08-07T08:54:32Z
19.05814,49.767498,585.3,2015-08-07T08:54:33Z
19.058169,49.767533,584.3,2015-08-07T08:54:35Z
19.058156,49.767572,583.8,2015-08-07T08:54:37Z
19.058168,49.767623,582.8,2015-08-07T08:54:39Z
19.058197,49.767647,582.1,2015-08-07T08:54:40Z
19.058234,49.767662,581.4,2015-08-07T08:54:41Z
19.058277,49.767659,581.0,2015-08-07T08:54:42Z
19.058313,49.767636,581.1,2015-08-07T08:54:43Z
19.058343,49.767609,581.3,2015-08-07T08:54:44Z
19.058378,49.767586,581.3,2015-08-07T08:54:45Z
19.058416,49.767567,581.2,2015-08-07T08:54:46Z
19.058455,49.767551,581.1,2015-08-07T08:54:47Z
19.058505,49.767542,580.8,2015-08-07T08:54:48Z
19.05856,49.767543,580.2,2015-08-07T08:54:49Z
19.058618,49.767554,579.4,2015-08-07T08:54:50Z
19.058672,49.767569,578.6,2015-08-07T08:54:51Z
19.058727,49.767585,577.8,2015-08-07T08:54:52Z
19.058777,49.76761,576.6,2015-08-07T08:54:53Z
19.058827,49.767655,574.8,2015-08-07T08:54:54Z
19.05885,49.767706,573.5,2015-08-07T08:54:55Z
19.058854,49.767757,572.6,2015-08-07T08:54:56Z
19.058846,49.767806,572.0,2015-08-07T08:54:57Z
19.058833,49.767851,571.5,2015-08-07T08:54:58Z
19.058821,49.767895,571.0,2015-08-07T08:54:59Z
19.058797,49.767939,570.7,2015-08-07T08:55:00Z
19.058765,49.767984,570.4,2015-08-07T08:55:01Z
19.058727,49.768023,570.2,2015-08-07T08:55:02Z
19.058692,49.76806,569.7,2015-08-07T08:55:03Z
19.058653,49.76809,569.5,2015-08-07T08:55:04Z
19.058619,49.768114,569.2,2015-08-07T08:55:05Z
19.058577,49.76811,569.7,2015-08-07T08:55:07Z
19.058536,49.768104,570.1,2015-08-07T08:55:10Z
19.058518,49.768129,569.7,2015-08-07T08:55:15Z
19.05851,49.768166,569.0,2015-08-07T08:55:17Z
19.058494,49.768205,568.3,2015-08-07T08:55:19Z
19.058508,49.768234,567.6,2015-08-07T08:55:21Z
19.058571,49.768219,567.4,2015-08-07T08:55:23Z
19.058607,49.768186,567.9,2015-08-07T08:55:25Z
19.058619,49.76815,568.5,2015-08-07T08:55:27Z
19.058707,49.768128,569.2,2015-08-07T08:55:29Z
19.058723,49.768106,570.0,2015-08-07T08:55:31Z
19.058763,49.768088,570.2,2015-08-07T08:55:33Z
19.058779,49.768028,570.1,2015-08-07T08:55:34Z
19.058812,49.768015,569.7,2015-08-07T08:55:35Z
19.058819,49.767987,569.4,2015-08-07T08:55:36Z
19.058852,49.767965,569.2,2015-08-07T08:55:37Z
19.058892,49.767957,568.6,2015-08-07T08:55:38Z
19.058938,49.768082,565.6,2015-08-13T13:49:42Z
19.058943,49.768035,566.3,2015-08-13T13:49:44Z
19.059058,49.768007,564.7,2015-08-13T13:49:48Z
19.059101,49.767998,564.0,2015-08-13T13:49:52Z
19.059145,49.767988,563.4,2015-08-13T13:49:53Z
19.059158,49.76796,563.5,2015-08-13T13:49:56Z
19.059173,49.767933,563.6,2015-08-13T13:49:58Z
19.059225,49.767939,562.6,2015-08-13T13:50:02Z
19.059223,49.767967,562.2,2015-08-13T13:50:04Z
19.059209,49.767996,562.1,2015-08-13T13:50:07Z
19.059184,49.768019,562.2,2015-08-13T13:50:11Z
19.059212,49.768048,561.3,2015-08-13T13:50:14Z
19.059232,49.768083,560.5,2015-08-13T13:50:16Z
19.059226,49.768115,560.1,2015-08-13T13:50:18Z
19.059191,49.768134,560.5,2015-08-13T13:50:20Z
19.059148,49.768143,561.1,2015-08-13T13:50:22Z
19.05912,49.768171,561.1,2015-08-13T13:50:25Z
19.059149,49.768205,560.1,2015-08-13T13:50:28Z
19.059156,49.768234,559.6,2015-08-13T13:50:31Z
19.059142,49.76826,559.4,2015-08-13T13:50:34Z
19.059113,49.768282,559.5,2015-08-13T13:50:37Z
19.059122,49.768312,559.0,2015-08-13T13:50:40Z
19.059147,49.768339,558.2,2015-08-13T13:50:43Z
19.059167,49.768369,557.5,2015-08-13T13:50:47Z
19.059207,49.768396,556.5,2015-08-13T13:50:50Z
19.059227,49.768434,555.8,2015-08-13T13:50:53Z
19.059228,49.768469,555.3,2015-08-13T13:50:55Z
19.059219,49.768506,554.9,2015-08-13T13:50:58Z
19.059193,49.768541,554.7,2015-08-13T13:51:01Z
19.05918,49.768572,554.4,2015-08-13T13:51:05Z
19.059179,49.768614,553.8,2015-08-13T13:51:07Z
19.05918,49.768651,553.3,2015-08-13T13:51:08Z
19.05918,49.768682,552.8,2015-08-13T13:51:09Z
19.05918,49.76871,552.4,2015-08-13T13:51:10Z
19.059188,49.76876,551.5,2015-08-13T13:51:12Z
19.05917,49.768791,550.9,2015-08-13T13:51:14Z
19.059152,49.768816,550.5,2015-08-13T13:51:17Z
19.059162,49.768847,549.6,2015-08-13T13:51:20Z
19.059179,49.76888,548.6,2015-08-13T13:51:23Z
19.059226,49.768903,547.6,2015-08-13T13:51:26Z
19.059273,49.76891,547.0,2015-08-13T13:51:29Z
19.059312,49.768891,547.2,2015-08-13T13:51:32Z
19.059327,49.768866,547.6,2015-08-13T13:51:35Z
19.059374,49.768869,547.2,2015-08-13T13:51:53Z
19.059393,49.768896,546.3,2015-08-13T13:51:56Z
19.059437,49.768916,545.5,2015-08-13T13:51:59Z
19.059471,49.768947,544.5,2015-08-13T13:52:02Z
19.059488,49.768978,543.6,2015-08-13T13:52:05Z
19.059479,49.769006,543.0,2015-08-13T13:52:08Z
19.059497,49.769036,542.2,2015-08-13T13:52:11Z
19.059499,49.769073,541.3,2015-08-13T13:52:15Z
19.059499,49.7691,540.7,2015-08-13T13:52:17Z
19.059476,49.769128,540.2,2015-08-13T13:52:19Z
19.059439,49.76916,539.7,2015-08-13T13:52:22Z
19.05943,49.7692,538.8,2015-08-13T13:52:25Z
19.059428,49.769231,538.1,2015-08-13T13:52:27Z
19.059444,49.769257,537.4,2015-08-13T13:52:30Z
19.059502,49.769249,537.2,2015-08-13T13:52:34Z
19.059541,49.769229,537.4,2015-08-13T13:52:37Z
19.059584,49.769213,537.4,2015-08-13T13:52:41Z
19.05962,49.769187,537.4,2015-08-13T13:52:45Z
19.059667,49.76917,537.0,2015-08-13T13:52:48Z
19.05972,49.769172,536.1,2015-08-13T13:52:50Z
19.059767,49.769164,535.5,2015-08-13T13:52:52Z
19.059794,49.769135,535.6,2015-08-13T13:52:54Z
19.05983,49.769106,535.5,2015-08-13T13:52:56Z
19.059855,49.769078,535.6,2015-08-13T13:52:58Z
19.059861,49.769043,536.2,2015-08-13T13:53:00Z
19.059869,49.769011,536.6,2015-08-13T13:53:02Z
19.059877,49.768982,537.0,2015-08-13T13:53:05Z
19.05989,49.768949,537.3,2015-08-13T13:53:09Z
19.059898,49.76892,537.7,2015-08-13T13:53:11Z
19.059901,49.768887,538.3,2015-08-13T13:53:13Z
19.059947,49.768877,537.5,2015-08-13T13:53:17Z
19.059981,49.768899,536.4,2015-08-13T13:53:20Z
19.059993,49.768937,535.5,2015-08-13T13:53:22Z
19.059986,49.768976,535.0,2015-08-13T13:53:25Z
19.059958,49.769,535.1,2015-08-13T13:53:28Z
19.059939,49.769024,535.0,2015-08-13T13:53:39Z
19.059928,49.769055,534.7,2015-08-13T13:53:41Z
19.059929,49.76909,534.1,2015-08-13T13:53:44Z
19.05992,49.76912,533.7,2015-08-13T13:53:46Z
19.059898,49.769155,533.4,2015-08-13T13:53:49Z
19.059901,49.769189,532.8,2015-08-13T13:53:53Z
19.059898,49.769223,532.2,2015-08-13T13:53:56Z
19.059889,49.76926,531.6,2015-08-13T13:53:59Z
19.059895,49.769296,530.9,2015-08-13T13:54:02Z
19.059898,49.769337,530.1,2015-08-13T13:54:05Z
19.059891,49.769378,529.4,2015-08-13T13:54:07Z
19.059869,49.769411,529.1,2015-08-13T13:54:09Z
19.059829,49.769433,529.2,2015-08-13T13:54:13Z
19.059818,49.769461,528.8,2015-08-13T13:54:23Z
19.05981,49.769498,528.2,2015-08-13T13:54:36Z
19.059791,49.769529,527.8,2015-08-13T13:54:39Z
19.059777,49.769563,527.3,2015-08-13T13:54:42Z
19.059805,49.769598,526.3,2015-08-13T13:54:45Z
19.05987,49.769608,525.5,2015-08-13T13:54:47Z
19.059913,49.769607,525.0,2015-08-13T13:54:49Z
19.059956,49.769582,525.0,2015-08-13T13:54:52Z
19.059979,49.769552,525.3,2015-08-13T13:54:55Z
19.06003,49.769571,524.4,2015-08-13T13:55:00Z
19.060069,49.769588,523.7,2015-08-13T13:55:02Z
19.060111,49.769611,522.9,2015-08-13T13:55:04Z
19.060151,49.769651,522.0,2015-08-13T13:55:06Z
19.060186,49.769702,521.1,2015-08-13T13:55:08Z
19.060196,49.769752,520.5,2015-08-13T13:55:10Z
19.060181,49.769798,520.1,2015-08-13T13:55:12Z
19.060156,49.769829,519.8,2015-08-13T13:55:14Z
19.060136,49.769854,519.7,2015-08-13T13:55:18Z
19.060129,49.769882,519.3,2015-08-13T13:55:24Z
19.060181,49.769892,519.0,2015-08-13T13:55:27Z
19.060232,49.769892,518.7,2015-08-13T13:55:31Z
19.060215,49.76986,519.1,2015-08-13T13:55:39Z
19.060222,49.769833,519.4,2015-08-13T13:55:41Z
19.060254,49.769803,519.5,2015-08-13T13:55:43Z
19.0603,49.769783,519.4,2015-08-13T13:55:45Z
19.060355,49.769798,518.9,2015-08-13T13:55:47Z
19.060393,49.76983,518.4,2015-08-13T13:55:49Z
19.060413,49.769855,518.1,2015-08-13T13:55:51Z
19.060422,49.769882,517.8,2015-08-13T13:55:54Z
19.060416,49.769912,517.6,2015-08-13T13:55:58Z
19.060399,49.76994,517.5,2015-08-13T13:56:07Z
19.060443,49.76995,516.9,2015-08-13T13:56:12Z
19.060465,49.769974,516.4,2015-08-13T13:56:15Z
19.060459,49.77002,516.2,2015-08-13T13:56:18Z
19.060442,49.770051,516.2,2015-08-13T13:56:20Z
19.060433,49.770087,516.1,2015-08-13T13:56:23Z
19.060436,49.770115,515.9,2015-08-13T13:56:26Z
19.060452,49.770145,515.4,2015-08-13T13:56:29Z
19.060473,49.770169,515.0,2015-08-13T13:56:32Z
19.060536,49.770168,514.1,2015-08-13T13:56:35Z
19.060582,49.770145,513.6,2015-08-13T13:56:38Z
19.060605,49.770121,513.4,2015-08-13T13:56:40Z
19.060653,49.77011,512.7,2015-08-13T13:56:43Z
19.060693,49.770137,512.0,2015-08-13T13:56:46Z
19.06072,49.77017,511.5,2015-08-13T13:56:49Z
19.060744,49.770197,511.0,2015-08-13T13:56:52Z
19.060705,49.770228,511.4,2015-08-13T13:56:56Z
19.060687,49.77026,511.5,2015-08-13T13:56:59Z
19.06068,49.77029,511.5,2015-08-13T13:57:02Z
19.060666,49.770324,511.5,2015-08-13T13:57:05Z
19.060659,49.770363,511.4,2015-08-13T13:57:08Z
19.060673,49.770399,511.0,2015-08-13T13:57:11Z
19.060716,49.770419,510.4,2015-08-13T13:57:14Z
19.060763,49.770439,509.4,2015-08-13T13:57:17Z
19.060814,49.77044,508.8,2015-08-13T13:57:20Z
19.060843,49.770418,508.9,2015-08-13T13:57:22Z
19.060866,49.770392,508.7,2015-08-13T13:57:24Z
19.06087,49.770355,508.8,2015-08-13T13:57:27Z
19.060887,49.77032,508.7,2015-08-13T13:57:30Z
19.060898,49.770285,508.6,2015-08-13T13:57:33Z
19.060894,49.770254,508.8,2015-08-13T13:57:42Z
19.060933,49.770243,508.3,2015-08-13T13:57:45Z
19.060979,49.770266,507.6,2015-08-13T13:57:49Z
19.061022,49.77028,507.0,2015-08-13T13:57:52Z
19.061074,49.770286,506.3,2015-08-13T13:57:56Z
19.061111,49.7703,505.8,2015-08-13T13:58:09Z
19.061143,49.770326,505.4,2015-08-13T13:58:12Z
19.061184,49.770354,504.8,2015-08-13T13:58:14Z
19.061197,49.770388,504.6,2015-08-13T13:58:16Z
19.061202,49.770421,504.5,2015-08-13T13:58:18Z
19.061206,49.770448,504.2,2015-08-13T13:58:20Z
19.061215,49.770484,503.7,2015-08-13T13:58:23Z
19.061235,49.770515,503.2,2015-08-13T13:58:33Z
19.061227,49.770545,503.0,2015-08-13T13:58:36Z
19.061189,49.770579,503.0,2015-08-13T13:58:40Z
19.061168,49.770608,502.9,2015-08-13T13:58:42Z
19.061157,49.770647,502.5,2015-08-13T13:58:44Z
19.06117,49.770678,502.1,2015-08-13T13:58:47Z
19.061214,49.770677,501.8,2015-08-13T13:58:50Z
19.061277,49.770657,501.3,2015-08-13T13:58:53Z
19.061307,49.770622,501.1,2015-08-13T13:58:55Z
19.061323,49.770591,501.1,2015-08-13T13:58:57Z
19.061315,49.770562,501.5,2015-08-13T13:58:59Z
19.061283,49.770536,502.3,2015-08-13T13:59:02Z
19.061272,49.770507,502.7,2015-08-13T13:59:05Z
19.061284,49.770477,502.8,2015-08-13T13:59:08Z
19.061334,49.770472,501.9,2015-08-13T13:59:14Z
19.061366,49.770498,501.1,2015-08-13T13:59:17Z
19.061391,49.770526,500.5,2015-08-13T13:59:19Z
19.061418,49.770559,499.8,2015-08-13T13:59:22Z
19.061452,49.770577,499.1,2015-08-13T13:59:26Z
19.06144,49.770609,499.1,2015-08-13T13:59:29Z
19.061433,49.770649,498.9,2015-08-13T13:59:32Z
19.061449,49.770679,498.5,2015-08-13T13:59:34Z
19.061459,49.770714,498.1,2015-08-13T13:59:37Z
19.061476,49.77075,497.7,2015-08-13T13:59:40Z
19.061468,49.77078,497.6,2015-08-13T13:59:44Z
19.061468,49.77081,497.4,2015-08-13T13:59:47Z
19.061469,49.770846,497.2,2015-08-13T13:59:50Z
19.061479,49.770872,496.9,2015-08-13T13:59:52Z
19.061506,49.770895,496.4,2015-08-13T13:59:54Z
19.06156,49.770897,495.8,2015-08-13T13:59:57Z
19.061589,49.770877,495.5,2015-08-13T14:00:00Z
19.061585,49.770846,495.7,2015-08-13T14:00:03Z
19.061584,49.770816,495.9,2015-08-13T14:00:06Z
19.061617,49.770785,495.6,2015-08-13T14:00:09Z
19.061647,49.770752,495.3,2015-08-13T14:00:13Z
19.061683,49.770727,494.8,2015-08-13T14:00:15Z
19.061721,49.770714,494.3,2015-08-13T14:00:17Z
19.061747,49.770736,493.9,2015-08-13T14:00:26Z
19.061768,49.77076,493.6,2015-08-13T14:00:29Z
19.061794,49.77079,493.2,2015-08-13T14:00:32Z
19.061814,49.770829,492.9,2015-08-13T14:00:44Z
19.061825,49.770863,492.7,2015-08-13T14:00:46Z
19.061846,49.770893,492.5,2015-08-13T14:00:48Z
19.061867,49.770919,492.2,2015-08-13T14:00:51Z
19.061884,49.770949,492.1,2015-08-13T14:00:54Z
19.061901,49.770976,491.9,2015-08-13T14:00:57Z
19.061895,49.771006,492.0,2015-08-13T14:01:00Z
19.061892,49.771039,492.0,2015-08-13T14:01:03Z
19.061885,49.77107,492.1,2015-08-13T14:01:06Z
19.061876,49.771108,492.2,2015-08-13T14:01:09Z
19.061911,49.771133,491.9,2015-08-13T14:01:12Z
19.061955,49.771113,491.6,2015-08-13T14:01:15Z
19.061988,49.771085,491.2,2015-08-13T14:01:18Z
19.062007,49.771058,491.0,2015-08-13T14:01:21Z
19.062022,49.771026,490.8,2015-08-13T14:01:25Z
19.062033,49.77099,490.6,2015-08-13T14:01:29Z
19.062015,49.77096,490.7,2015-08-13T14:01:32Z
19.062021,49.770927,490.5,2015-08-13T14:01:35Z
19.062062,49.770903,490.0,2015-08-13T14:01:39Z
19.062106,49.770889,489.4,2015-08-13T14:01:41Z
19.06215,49.770887,488.9,2015-08-13T14:01:43Z
19.0622,49.770893,488.4,2015-08-13T14:01:46Z
19.062226,49.770921,488.2,2015-08-13T14:01:49Z
19.062231,49.770955,488.3,2015-08-13T14:01:52Z
19.06222,49.770981,488.5,2015-08-13T14:01:54Z
19.062246,49.771017,488.3,2015-08-13T14:01:57Z
19.062262,49.771045,488.3,2015-08-13T14:02:00Z
19.062243,49.771077,488.6,2015-08-13T14:02:07Z
19.062259,49.771109,488.6,2015-08-13T14:02:10Z
19.062276,49.771136,488.5,2015-08-13T14:02:13Z
19.062292,49.771171,488.4,2015-08-13T14:02:23Z
19.062303,49.771208,488.5,2015-08-13T14:02:26Z
19.062327,49.771234,488.3,2015-08-13T14:02:29Z
19.062362,49.771265,487.8,2015-08-13T14:02:32Z
19.062414,49.771282,487.1,2015-08-13T14:02:35Z
19.062468,49.771277,486.6,2015-08-13T14:02:38Z
19.062507,49.771265,486.3,2015-08-13T14:02:41Z
19.062553,49.77126,485.8,2015-08-13T14:02:45Z
19.062584,49.771234,485.5,2015-08-13T14:02:52Z
19.062609,49.771208,485.1,2015-08-13T14:02:56Z
19.062611,49.77118,485.0,2015-08-13T14:02:59Z
19.062619,49.771142,484.7,2015-08-13T14:03:02Z
19.062609,49.771106,484.7,2015-08-13T14:03:05Z
19.062586,49.771083,484.8,2015-08-13T14:03:08Z
19.06258,49.771054,484.8,2015-08-13T14:03:11Z
19.062571,49.771025,484.8,2015-08-13T14:03:14Z
19.062538,49.770938,484.8,2015-08-13T14:04:06Z
19.062541,49.770901,484.6,2015-08-13T14:04:09Z
19.062529,49.770868,484.6,2015-08-13T14:04:11Z
19.062509,49.770838,484.7,2015-08-13T14:04:13Z
19.062487,49.770813,484.8,2015-08-13T14:04:15Z
19.062471,49.770787,484.9,2015-08-13T14:04:17Z
19.062463,49.77076,484.9,2015-08-13T14:04:19Z
19.062474,49.770728,484.6,2015-08-13T14:04:22Z
19.062515,49.770706,484.0,2015-08-13T14:04:26Z
19.062558,49.770705,483.5,2015-08-13T14:04:29Z
19.0626,49.770722,483.1,2015-08-13T14:04:32Z
19.062636,49.77075,482.8,2015-08-13T14:04:35Z
19.062664,49.770778,482.6,2015-08-13T14:04:38Z
19.062692,49.77081,482.5,2015-08-13T14:04:41Z
19.062701,49.770846,482.5,2015-08-13T14:04:44Z
19.062719,49.770875,482.4,2015-08-13T14:04:47Z
19.062769,49.770893,482.0,2015-08-13T14:04:50Z
19.062814,49.770912,481.5,2015-08-13T14:04:53Z
19.062849,49.77094,481.3,2015-08-13T14:04:56Z
19.062883,49.770968,481.0,2015-08-13T14:04:59Z
19.06289,49.770999,481.1,2015-08-13T14:05:02Z
19.062907,49.771029,481.0,2015-08-13T14:05:06Z
19.062919,49.771066,481.1,2015-08-13T14:05:09Z
19.062929,49.771101,481.1,2015-08-13T14:05:11Z
19.062928,49.771138,481.3,2015-08-13T14:05:14Z
19.062932,49.771173,481.4,2015-08-13T14:05:17Z
19.06293,49.771206,481.6,2015-08-13T14:05:20Z
19.062949,49.771237,481.4,2015-08-13T14:05:23Z
19.062978,49.771261,480.9,2015-08-13T14:05:27Z
19.06298,49.771298,480.5,2015-08-13T14:05:30Z
19.062982,49.771326,480.2,2015-08-13T14:05:32Z
19.062984,49.771355,479.9,2015-08-13T14:05:34Z
19.062985,49.771382,479.7,2015-08-13T14:05:36Z
19.063007,49.771415,479.0,2015-08-13T14:05:39Z
19.063029,49.77145,478.4,2015-08-13T14:05:42Z
19.063037,49.771477,478.1,2015-08-13T14:05:44Z
19.06305,49.771513,477.6,2015-08-13T14:05:47Z
19.063047,49.771547,477.3,2015-08-13T14:05:50Z
19.063024,49.77158,477.4,2015-08-13T14:05:53Z
19.063014,49.771608,477.3,2015-08-13T14:05:55Z
19.062995,49.771644,477.2,2015-08-13T14:05:58Z
19.062991,49.771675,477.0,2015-08-13T14:06:01Z
19.063032,49.771702,476.2,2015-08-13T14:06:04Z
19.063085,49.771715,475.5,2015-08-13T14:06:07Z
19.063128,49.77171,475.0,2015-08-13T14:06:09Z
19.063172,49.771702,474.5,2015-08-13T14:06:11Z
19.063225,49.771684,474.0,2015-08-13T14:06:14Z
19.063259,49.771664,473.7,2015-08-13T14:06:17Z
19.06328,49.771638,473.6,2015-08-13T14:06:20Z
19.063285,49.771605,473.7,2015-08-13T14:06:23Z
19.063302,49.771571,473.7,2015-08-13T14:06:26Z
19.063324,49.771536,473.6,2015-08-13T14:06:29Z
19.063332,49.771493,473.7,2015-08-13T14:06:32Z
19.063341,49.771453,473.8,2015-08-13T14:06:34Z
19.063351,49.771419,473.8,2015-08-13T14:06:37Z
19.063378,49.77139,473.6,2015-08-13T14:06:40Z
19.063399,49.771365,473.4,2015-08-13T14:06:44Z
19.063377,49.771332,473.9,2015-08-13T14:06:47Z
19.063358,49.771307,474.3,2015-08-13T14:06:49Z
19.063346,49.771275,474.7,2015-08-13T14:06:52Z
19.063337,49.771244,474.9,2015-08-13T14:06:55Z
19.063329,49.771213,474.9,2015-08-13T14:06:58Z
19.063308,49.771183,475.2,2015-08-13T14:07:01Z
19.063295,49.771151,475.3,2015-08-13T14:07:04Z
19.063291,49.771116,475.2,2015-08-13T14:07:11Z
19.063284,49.771084,475.2,2015-08-13T14:07:14Z
19.063273,49.771048,475.3,2015-08-13T14:07:17Z
19.063245,49.771025,475.6,2015-08-13T14:07:20Z
19.063215,49.770991,476.0,2015-08-13T14:07:23Z
19.063336,49.770989,474.0,2015-08-13T14:10:19Z
19.06337,49.771012,473.6,2015-08-13T14:10:23Z
19.063383,49.771042,473.4,2015-08-13T14:10:30Z
19.063399,49.771072,473.3,2015-08-13T14:10:33Z
19.063413,49.771099,473.2,2015-08-13T14:10:35Z
19.063423,49.771126,473.1,2015-08-13T14:10:38Z
19.06342,49.771155,473.2,2015-08-13T14:10:42Z
19.063448,49.77118,472.8,2015-08-13T14:10:45Z
19.063406,49.771194,473.6,2015-08-13T14:10:52Z
19.063411,49.771227,473.6,2015-08-13T14:10:56Z
19.06344,49.771251,473.2,2015-08-13T14:10:59Z
19.063448,49.771279,473.0,2015-08-13T14:11:02Z
19.063484,49.771307,472.2,2015-08-13T14:11:05Z
19.063529,49.771326,471.5,2015-08-13T14:11:08Z
19.063554,49.771353,471.0,2015-08-13T14:11:11Z
19.063573,49.771379,470.6,2015-08-13T14:11:14Z
19.063607,49.771401,470.0,2015-08-13T14:11:18Z
19.063645,49.771415,469.4,2015-08-13T14:11:25Z
19.063662,49.771443,469.1,2015-08-13T14:11:47Z
19.063673,49.771476,468.8,2015-08-13T14:11:50Z
19.063661,49.771504,469.0,2015-08-13T14:11:52Z
19.063656,49.771543,468.9,2015-08-13T14:11:54Z
19.063663,49.771577,468.8,2015-08-13T14:11:56Z
19.063679,49.771612,468.5,2015-08-13T14:11:59Z
19.063711,49.771642,468.0,2015-08-13T14:12:02Z
19.063753,49.771649,467.5,2015-08-13T14:12:05Z
19.063848,49.771582,466.2,2015-08-13T14:13:07Z
19.063862,49.771549,466.1,2015-08-13T14:13:10Z
19.063869,49.771521,466.0,2015-08-13T14:13:12Z
19.063865,49.77149,466.1,2015-08-13T14:13:14Z
19.063868,49.771461,466.1,2015-08-13T14:13:16Z
19.063863,49.771427,466.2,2015-08-13T14:13:19Z
19.063867,49.771396,466.2,2015-08-13T14:13:24Z
19.063891,49.771369,465.9,2015-08-13T14:13:27Z
19.063903,49.771336,465.7,2015-08-13T14:13:30Z
19.063904,49.771308,465.7,2015-08-13T14:13:32Z
19.063919,49.77127,465.5,2015-08-13T14:13:35Z
19.063934,49.771243,465.3,2015-08-13T14:13:37Z
19.063938,49.771212,465.2,2015-08-13T14:13:40Z
19.063952,49.771185,465.0,2015-08-13T14:13:43Z
19.063965,49.77115,464.7,2015-08-13T14:13:49Z
19.063955,49.771117,464.8,2015-08-13T14:13:52Z
19.063955,49.771082,464.7,2015-08-13T14:13:55Z
19.063919,49.771064,465.2,2015-08-13T14:14:02Z
19.063907,49.771038,465.3,2015-08-13T14:14:10Z
19.063897,49.771011,465.4,2015-08-13T14:14:14Z
19.063899,49.771004,465.3,2015-08-13T14:14:52Z
19.063942,49.770981,464.7,2015-08-13T14:14:54Z
19.063981,49.770965,464.1,2015-08-13T14:14:56Z
19.064031,49.770973,463.4,2015-08-13T14:15:00Z
19.064072,49.770984,462.8,2015-08-13T14:15:04Z
19.064101,49.771009,462.5,2015-08-13T14:15:09Z
19.064077,49.771036,462.9,2015-08-13T14:15:15Z
19.064088,49.771066,462.8,2015-08-13T14:15:19Z
19.06411,49.771097,462.5,2015-08-13T14:15:23Z
19.064137,49.771122,462.2,2015-08-13T14:15:27Z
19.064154,49.77115,462.0,2015-08-13T14:15:32Z
19.064138,49.771178,462.3,2015-08-13T14:15:37Z
19.064155,49.771207,462.1,2015-08-13T14:15:42Z
19.064208,49.771219,461.4,2015-08-13T14:15:46Z
19.064217,49.771245,461.3,2015-08-13T14:15:54Z
19.064178,49.771278,461.8,2015-08-13T14:16:07Z
19.06415,49.771309,462.2,2015-08-13T14:16:09Z
19.064127,49.771333,462.5,2015-08-13T14:16:12Z
19.064125,49.771364,462.5,2015-08-13T14:16:15Z
19.064115,49.771397,462.6,2015-08-13T14:16:20Z
19.064121,49.771434,462.5,2015-08-13T14:16:23Z
19.064375,49.771478,458.9,2015-08-18T18:09:28Z
19.064372,49.77151,459.0,2015-08-18T18:09:32Z
19.064406,49.771528,458.5,2015-08-18T18:09:37Z
19.06445,49.771552,457.9,2015-08-18T18:09:41Z
19.064477,49.771579,457.5,2015-08-18T18:09:43Z
19.064496,49.77161,457.2,2015-08-18T18:09:46Z
19.064493,49.771642,457.2,2015-08-18T18:09:48Z
19.064494,49.771676,457.2,2015-08-18T18:09:51Z
19.0645,49.771707,457.1,2015-08-18T18:09:54Z
19.064508,49.771742,457.0,2015-08-18T18:09:57Z
19.064543,49.771761,456.6,2015-08-18T18:10:00Z
19.064587,49.771775,456.0,2015-08-18T18:10:03Z
19.064616,49.771803,455.6,2015-08-18T18:10:06Z
19.064632,49.771829,455.4,2015-08-18T18:10:09Z
19.064661,49.771858,455.0,2015-08-18T18:10:13Z
19.064648,49.771888,455.2,2015-08-18T18:10:16Z
19.064665,49.771915,454.9,2015-08-18T18:10:19Z
19.064667,49.771947,454.9,2015-08-18T18:10:23Z
19.064659,49.771974,455.0,2015-08-18T18:10:27Z
19.064666,49.772003,454.9,2015-08-18T18:10:30Z
19.064677,49.772039,454.8,2015-08-18T18:10:33Z
19.064695,49.772071,454.5,2015-08-18T18:10:36Z
19.064691,49.772102,454.3,2015-08-18T18:10:39Z
19.064671,49.772139,454.1,2015-08-18T18:10:42Z
19.064645,49.772165,454.1,2015-08-18T18:10:45Z
19.064616,49.772191,454.1,2015-08-18T18:10:48Z
19.064583,49.772216,454.1,2015-08-18T18:10:51Z
19.064552,49.772244,454.0,2015-08-18T18:10:55Z
19.064517,49.772261,454.2,2015-08-18T18:10:59Z
19.06451,49.772292,453.8,2015-08-18T18:11:04Z
19.064543,49.772325,452.9,2015-08-18T18:11:07Z
19.064582,49.772349,452.2,2015-08-18T18:11:10Z
19.064625,49.772346,451.8,2015-08-18T18:11:13Z
19.064672,49.772331,451.5,2015-08-18T18:11:18Z
19.064715,49.77232,451.2,2015-08-18T18:11:22Z
19.064714,49.772293,451.6,2015-08-18T18:11:37Z
19.06474,49.772257,451.7,2015-08-18T18:11:41Z
19.064771,49.77223,451.7,2015-08-18T18:11:43Z
19.064802,49.772209,451.6,2015-08-18T18:11:46Z
19.064847,49.772212,451.1,2015-08-18T18:11:49Z
19.064903,49.772224,450.3,2015-08-18T18:11:52Z
19.064957,49.77223,449.6,2015-08-18T18:11:55Z
19.065002,49.772247,448.9,2015-08-18T18:11:59Z
19.065043,49.772257,448.4,2015-08-18T18:12:04Z
19.06502,49.77228,448.4,2015-08-18T18:12:09Z
19.064998,49.772307,448.4,2015-08-18T18:12:15Z
19.06497,49.772335,448.4,2015-08-18T18:12:21Z
19.064978,49.772365,448.0,2015-08-18T18:12:26Z
19.064975,49.772394,447.8,2015-08-18T18:12:30Z
19.064977,49.772426,447.4,2015-08-18T18:12:33Z
19.064972,49.772455,447.2,2015-08-18T18:12:35Z
19.064961,49.772489,446.9,2015-08-18T18:12:38Z
19.064942,49.772521,446.8,2015-08-18T18:12:41Z
19.064918,49.772564,446.5,2015-08-18T18:12:44Z
19.064896,49.772596,446.3,2015-08-18T18:12:46Z
19.064869,49.77262,446.3,2015-08-18T18:12:48Z
19.064829,49.772644,446.3,2015-08-18T18:12:51Z
19.064779,49.772662,446.4,2015-08-18T18:12:57Z
19.064736,49.772663,446.7,2015-08-18T18:12:59Z
19.0647,49.772683,446.6,2015-08-18T18:13:02Z
19.064659,49.772695,446.7,2015-08-18T18:13:05Z
19.064652,49.772724,446.4,2015-08-18T18:13:10Z
19.064636,49.772756,446.0,2015-08-18T18:13:15Z
19.064596,49.772771,446.0,2015-08-18T18:13:18Z
19.064556,49.77278,446.1,2015-08-18T18:13:21Z
19.064504,49.77278,446.3,2015-08-18T18:13:25Z
19.064459,49.772788,446.4,2015-08-18T18:13:28Z
19.064404,49.772799,446.4,2015-08-18T18:13:31Z
19.064348,49.772803,446.5,2015-08-18T18:13:34Z
19.064297,49.772807,446.7,2015-08-18T18:13:37Z
19.064255,49.772805,446.9,2015-08-18T18:13:40Z
19.064205,49.772814,446.9,2015-08-18T18:13:43Z
19.064151,49.772818,447.0,2015-08-18T18:13:46Z
19.064105,49.772828,447.0,2015-08-18T18:13:51Z
19.064056,49.772821,447.3,2015-08-18T18:13:55Z
19.064008,49.77283,447.3,2015-08-18T18:14:03Z
19.063922,49.772823,447.7,2015-08-18T18:14:40Z
19.063873,49.77282,448.0,2015-08-18T18:14:42Z
19.063813,49.772824,448.1,2015-08-18T18:14:45Z
19.063769,49.772841,447.8,2015-08-18T18:14:47Z
19.063711,49.77285,447.8,2015-08-18T18:14:50Z
19.063648,49.772858,447.8,2015-08-18T18:14:53Z
19.063613,49.772875,447.4,2015-08-18T18:14:55Z
19.063574,49.772899,446.9,2015-08-18T18:14:58Z
19.063531,49.772916,446.5,2015-08-18T18:15:01Z
19.063474,49.772925,446.5,2015-08-18T18:15:04Z
19.06343,49.772924,446.6,2015-08-18T18:15:07Z
19.063367,49.772915,447.0,2015-08-18T18:15:10Z
19.063321,49.772911,447.2,2015-08-18T18:15:13Z
19.063275,49.772931,446.8,2015-08-18T18:15:16Z
19.06323,49.772949,446.5,2015-08-18T18:15:19Z
19.063189,49.772961,446.3,2015-08-18T18:15:21Z
19.063149,49.77297,446.2,2015-08-18T18:15:23Z
19.063089,49.772978,446.2,2015-08-18T18:15:26Z
19.063035,49.772981,446.2,2015-08-18T18:15:29Z
19.062992,49.772976,446.5,2015-08-18T18:15:32Z
19.062961,49.772995,446.1,2015-08-18T18:15:35Z
19.062922,49.773008,445.9,2015-08-18T18:15:38Z
19.062873,49.773015,446.1,2015-08-18T18:15:41Z
19.062831,49.773032,446.0,2015-08-18T18:15:44Z
19.062796,49.77305,445.8,2015-08-18T18:15:47Z
19.062792,49.77308,445.2,2015-08-18T18:15:53Z
19.062815,49.773107,444.4,2015-08-18T18:15:57Z
19.062832,49.773132,443.7,2015-08-18T18:16:01Z
19.062851,49.773165,442.8,2015-08-18T18:16:05Z
19.062899,49.773166,442.4,2015-08-18T18:16:09Z
19.062934,49.773195,441.6,2015-08-18T18:16:13Z
19.062948,49.773222,441.0,2015-08-18T18:16:23Z
19.063012,49.773232,440.6,2015-08-18T18:16:54Z
19.063066,49.77324,440.3,2015-08-18T18:16:56Z
19.063122,49.773241,440.1,2015-08-18T18:16:59Z
19.063167,49.773247,439.9,2015-08-18T18:17:01Z
19.063211,49.77325,439.7,2015-08-18T18:17:03Z
19.063254,49.77325,439.6,2015-08-18T18:17:05Z
19.063303,49.773269,439.0,2015-08-18T18:17:08Z
19.063333,49.773292,438.4,2015-08-18T18:17:11Z
19.063399,49.773305,438.0,2015-08-18T18:17:36Z
19.063439,49.773328,437.4,2015-08-18T18:17:40Z
19.063469,49.773351,436.8,2015-08-18T18:17:43Z
19.063494,49.773382,436.0,2015-08-18T18:17:46Z
19.063517,49.773408,435.4,2015-08-18T18:17:49Z
19.06356,49.773406,435.3,2015-08-18T18:17:55Z
19.063581,49.773437,434.5,2015-08-18T18:18:03Z
19.063597,49.773469,433.8,2015-08-18T18:18:06Z
19.063602,49.773496,433.1,2015-08-18T18:18:08Z
19.063636,49.773526,432.4,2015-08-18T18:18:11Z
19.063681,49.773555,431.6,2015-08-18T18:18:14Z
19.063718,49.773587,430.8,2015-08-18T18:18:17Z
19.063752,49.773621,429.9,2015-08-18T18:18:20Z
19.063778,49.773643,429.5,2015-08-18T18:18:22Z
19.063812,49.773673,428.8,2015-08-18T18:18:25Z
19.063847,49.773701,428.2,2015-08-18T18:18:28Z
19.063887,49.773721,427.8,2015-08-18T18:18:31Z
19.063909,49.773754,427.2,2015-08-18T18:18:34Z
19.063935,49.773779,427.1,2015-08-18T18:18:36Z
19.063954,49.773804,427.0,2015-08-18T18:18:38Z
19.063991,49.773832,426.9,2015-08-18T18:18:41Z
19.064017,49.773854,426.8,2015-08-18T18:18:43Z
19.064041,49.77388,426.7,2015-08-18T18:18:45Z
19.064058,49.773905,426.5,2015-08-18T18:18:48Z
19.064086,49.773932,426.4,2015-08-18T18:18:52Z
19.064108,49.773966,426.2,2015-08-18T18:18:55Z
19.064128,49.773994,426.0,2015-08-18T18:18:57Z
19.064144,49.774024,425.9,2015-08-18T18:18:59Z
19.06416,49.774056,425.7,2015-08-18T18:19:01Z
19.064186,49.77408,425.5,2015-08-18T18:19:03Z
19.064214,49.774103,425.3,2015-08-18T18:19:05Z
